,video_url,latitude,longitude
0,https://www.youtube.com/embed/lNoQpXLL8Qc,8.4807998,76.9701351
1,https://www.youtube.com/embed/7vCaDZwSF20,10.4317209,76.2245026
2,https://www.youtube.com/embed/keiqgU_xzdE,11.0067927,76.9570632
3,https://www.youtube.com/embed/tO-h5mln69E,11.020677,76.973001
4,https://www.youtube.com/embed/tOD9t_WQnvQ,11.0121943,76.9623983
5,https://www.youtube.com/embed/W4FrB87SP9c,13.0552979,77.6638672
6,https://www.youtube.com/embed/u-Lrmjn2Idg,13.0321905,77.5672327
7,https://www.youtube.com/embed/At5IAhWHSWg,9.7488465,76.3900445
8,https://www.youtube.com/embed/ugZ4Ohs_uOc,12.9548031,77.534276
9,https://www.youtube.com/embed/R0JCI7Wmhzw,10.0880934,76.3434233
10,https://www.youtube.com/embed/NkP4UQ4LXjY,8.395382,77.0521017
11,https://www.youtube.com/embed/BJqIDUk45eM,9.047858,76.7724157
12,https://www.youtube.com/embed/90na4WWHSmU,10.0158361,76.3166711
13,https://www.youtube.com/embed/ynRZLrPvr28,9.5667479,76.5192566
14,https://www.youtube.com/embed/FdAGwEo4FLE,26.7126789,88.2868886
15,https://www.youtube.com/embed/2YaWEHFVXsk,15.2493971,74.0489995
16,https://www.youtube.com/embed/NPkQtwjRLGo,10.0698183,76.3312229
17,https://www.youtube.com/embed/Ky_HIY0ElRU,12.9731997,77.6091325
18,https://www.youtube.com/embed/57xrneb6ycw,13.0552979,77.6638672
19,https://www.youtube.com/embed/4AwAhgRBBQQ,13.3663096,74.8036883
20,https://www.youtube.com/embed/YUMQl2G1o5E,10.1891591,76.3853909
22,https://www.youtube.com/embed/vRU1Jq-r9is,9.9960519,76.3107649
23,https://www.youtube.com/embed/ze4JZutdAJY,9.7079443,76.3370295
26,https://www.youtube.com/embed/skSaXab5WNM,9.2804611,76.3946774
27,https://www.youtube.com/embed/bVUKPjNJOBk,9.8041388,77.1257192
28,https://www.youtube.com/embed/H07nI35BZmQ,9.8041388,77.1257192
29,https://www.youtube.com/embed/v_kivvZu-cM,9.8412062,77.1513377
30,https://www.youtube.com/embed/G3AnLvguSjI,8.1925011,77.4312958
31,https://www.youtube.com/embed/_NRAt67_9HQ,8.902386,76.6218393
32,https://www.youtube.com/embed/J00jJxftJK0,9.9921995,76.3017433
33,https://www.youtube.com/embed/MBd_zdtchT0,9.7588889,76.4458333
34,https://www.youtube.com/embed/Rc-9322ELsQ,10.0444579,76.2604513
35,https://www.youtube.com/embed/ITHabCA8IDw,9.9620856,76.3172265
36,https://www.youtube.com/embed/IV8vE8EUF58,10.312481,76.3375622
37,https://www.youtube.com/embed/ITHabCA8IDw,9.9620856,76.3172265
38,https://www.youtube.com/embed/IV8vE8EUF58,10.312481,76.3375622
39,https://www.youtube.com/embed/g7uY0ITUqeA,9.7627663,76.3175046
40,https://www.youtube.com/embed/ZVkypOMNH_I,10.1154657,76.5004661
41,https://www.youtube.com/embed/9vcbRB9HtCo,10.1700358,76.5266016
42,https://www.youtube.com/embed/dTo5mZcepUQ,10.0121685,76.3257612
43,https://www.youtube.com/embed/Hu8YoGbpPk0,9.6492978,76.5853296
44,https://www.youtube.com/embed/Aj6q1sjGOck,9.8342103,76.3092166
46,https://www.youtube.com/embed/8URYQ2ooWuA,10.1059901,76.3578029
47,https://www.youtube.com/embed/hMYfnedFxv8,9.6908026,76.3387451
48,https://www.youtube.com/embed/Y4Uda6K3AQ8,10.5212493,76.2126749
51,https://www.youtube.com/embed/csWY-Fi14F0,9.7099799,76.6791861
52,https://www.youtube.com/embed/nQVUCBLgMO4,9.0553479,76.5365128
53,https://www.youtube.com/embed/xoaoRRp47-M,11.0580018,76.6975948
54,https://www.youtube.com/embed/Fg00Ol1mCx4,9.6866971,76.3376692
55,https://www.youtube.com/embed/ItXRI6Ejoi8,10.1520868,76.1751848
56,https://www.youtube.com/embed/yMOayuGXO8c,11.1098942,76.7355724
57,https://www.youtube.com/embed/H9tQ9ZefPw4,10.1904449,76.3870785
58,https://www.youtube.com/embed/w8wtPAdjK7o,9.6721365,76.3420992
59,https://www.youtube.com/embed/GLRFir5wAnk,9.8917758,76.308368
60,https://www.youtube.com/embed/FI_4pyIiAlY,8.483444,76.9697561
61,https://www.youtube.com/embed/K3mK17PZO7U,27.7909349,73.3408256
62,https://www.youtube.com/embed/LZKVzSLWaH4,9.972446,76.2862296
63,https://www.youtube.com/embed/qbnIXR2Z6vI,9.9838843,76.3018736
64,https://www.youtube.com/embed/sPOVZ0R2A-c,9.9672501,76.2411079
65,https://www.youtube.com/embed/b1vathIy2q0,9.6843807,76.4612765
66,https://www.youtube.com/embed/3k9TbXw531I,9.4859567,76.337913
67,https://www.youtube.com/embed/JdkZ4Y4-tZA,11.160328,77.051456
68,https://www.youtube.com/embed/vDSYvR0VaWA,12.3270118,76.6274214
69,https://www.youtube.com/embed/cu3EaWXRx5s,11.7448698,75.4918946
70,https://www.youtube.com/embed/HpASvNH_hP4,11.2763535,75.7787163
71,https://www.youtube.com/embed/8W_lNYSyP60,11.2602169,75.7690876
72,https://www.youtube.com/embed/lGY2mDSybko,11.3016429,75.86139
73,https://www.youtube.com/embed/M-OeEufGAro,11.2455214,75.7755834
74,https://www.youtube.com/embed/cIWLMFXX-xk,11.2650821,75.7876275
75,https://www.youtube.com/embed/2DpQWb1Dk6Q,10.2744004,76.1734689
76,https://www.youtube.com/embed/hoKXGtH8oOE,9.4636261,76.3906321
77,https://www.youtube.com/embed/tnVxbqoMGS8,10.3070802,76.3365398
78,https://www.youtube.com/embed/64sWIbwM4Zw,9.6267262,77.1643533
79,https://www.youtube.com/embed/PBhIauHQiUY,9.9850637,76.2915096
80,https://www.youtube.com/embed/cPxhgQyWvIc,11.6564864,77.7643543
81,https://www.youtube.com/embed/aO7ALYxWvgE,23.0359337,72.5111681
82,https://www.youtube.com/embed/PP3EmTR3dhs,18.9694696,72.8194276
83,https://www.youtube.com/embed/kxnO-99edEU,12.8828635,77.5463697
84,https://www.youtube.com/embed/u8l5vZ4-H0Q,12.6171568,77.1700946
85,https://www.youtube.com/embed/GHfRJWG95OA,13.0092458,76.0960953
86,https://www.youtube.com/embed/g7ldMQ4W7SQ,12.8633249,74.8460805
87,https://www.youtube.com/embed/NWE8UI25n6A,12.8668457,74.7707198
88,https://www.youtube.com/embed/XLON3BuR_YI,12.2345821,75.1514545
89,https://www.youtube.com/embed/b7Pqfh7Pqx4,9.5060136,76.6567669
90,https://www.youtube.com/embed/szU1_huZKF0,11.8696231,75.3671329
91,https://www.youtube.com/embed/-0wPhqb3cVc,10.9751601,75.8797306
93,https://www.youtube.com/embed/XyaseCBqJQ8,9.5638847,76.345944
94,https://www.youtube.com/embed/QoPTxvVs01U,9.970753,76.297661
95,https://www.youtube.com/embed/TFatf7jwCRc,9.52665,76.520988
96,https://www.youtube.com/embed/52s_GpIvcG4,8.5489367,76.8767883
97,https://www.youtube.com/embed/Sot-uyo-gUY,8.4445716,77.2307358
98,https://www.youtube.com/embed/o1JfclOSML0,10.0966015,76.809936
99,https://www.youtube.com/embed/nxfLayzCop8,8.4774239,76.944129
100,https://www.youtube.com/embed/5HiYXtsSSZg,9.7450735,76.2852705
101,https://www.youtube.com/embed/OPyW8m3tNW4,8.5512884,77.0906627
102,https://www.youtube.com/embed/SuogvPezSWQ,8.523225,76.9557036
103,https://www.youtube.com/embed/S_icpnYkkH0,9.0777171,76.5316261
104,https://www.youtube.com/embed/upYFE9drRUg,11.7356136,75.9624739
105,https://www.youtube.com/embed/umRsjggW2oU,11.73642,75.9056029
106,https://www.youtube.com/embed/dqFEFuq5ucw,9.9806529,76.277701
107,https://www.youtube.com/embed/zVU4BbAbBug,11.8039487,76.0020375
108,https://www.youtube.com/embed/1Smj5xkX6hc,9.9175213,76.3627142
109,https://www.youtube.com/embed/OUVdv3Mi4zM,10.7834309,75.9383629
110,https://www.youtube.com/embed/Tll16LMUlo0,10.0092586,76.3167371
111,https://www.youtube.com/embed/9Dwv4k8SWNY,9.9960519,76.3107649
112,https://www.youtube.com/embed/zMQkpkTdx3s,27.331186,88.5790941
113,https://www.youtube.com/embed/IdJTN3u92wQ,11.6207118,76.0889925
114,https://www.youtube.com/embed/-0Azj0WFaTk,12.3546522,76.6154779
115,https://www.youtube.com/embed/2dhfgrZdYBk,10.0454787,76.2598231
116,https://www.youtube.com/embed/nWL7j9-BLmQ,9.9554341,76.296206
118,https://www.youtube.com/embed/D-bYFnqZxx4,11.9358488,79.8302503
119,https://www.youtube.com/embed/FWI5JZ-H_I8,11.622141,76.031606
120,https://www.youtube.com/embed/FpsxpXZ8s8Q,9.1726434,79.4210672
121,https://www.youtube.com/embed/EwRtFEZWRLs,11.7329227,76.2450267
122,https://www.youtube.com/embed/I6_QyHU22cA,9.5908334,76.511135
123,https://www.youtube.com/embed/giCIJuB8K08,9.6085753,77.9377564
124,https://www.youtube.com/embed/c_3ZULUmfcw,8.8765524,76.6235755
125,https://www.youtube.com/embed/_IsYmcUpeIw,8.8780384,76.5959314
126,https://www.youtube.com/embed/IC0oFzfJWB0,8.9011612,76.6143791
127,https://www.youtube.com/embed/kKhPrSDolq0,9.3125151,76.4417929
128,https://www.youtube.com/embed/-qxfYVHWSsU,9.9489466,76.381472
129,https://www.youtube.com/embed/2kQOxCJcTUw,9.9521512,76.3421715
130,https://www.youtube.com/embed/-razrePHqFk,10.4468199,76.0914863
131,https://www.youtube.com/embed/Xmtba5HVnxk,10.5306848,76.2199276
132,https://www.youtube.com/embed/cf2kXm3MNak,8.5003732,76.9520717
133,https://www.youtube.com/embed/0w4CcJAd9JM,22.8734282,89.4914958
134,https://www.youtube.com/embed/nxVdENxcw1o,10.5375627,76.2150939
135,https://www.youtube.com/embed/A2X7BrGGrmw,8.4457149,77.2253952
136,https://www.youtube.com/embed/Sny5o02U6HU,8.5133716,76.9740795
137,https://www.youtube.com/embed/7tntw2ectWc,8.8941072,76.6762503
138,https://www.youtube.com/embed/VeZsSkJMq2g,9.899642,76.2806406
139,https://www.youtube.com/embed/yTj17GsZu2A,9.5889773,76.5790148
140,https://www.youtube.com/embed/9TCmjROeHAE,9.9992583,76.2620041
141,https://www.youtube.com/embed/iJJOgPNbWik,10.9909603,76.9546596
142,https://www.youtube.com/embed/xRwj8teEn34,9.6063018,77.1645163
143,https://www.youtube.com/embed/qt4e3SJzK50,9.9474514,76.3261032
144,https://www.youtube.com/embed/4dxHWCdz2FI,9.80586,76.4336397
145,https://www.youtube.com/embed/Op7SZ2KgvO8,8.5027454,76.9175049
147,https://www.youtube.com/embed/qlCAVxc_PVk,10.5949184,76.0350667
148,https://www.youtube.com/embed/KrhM3ZD74F0,9.9639761,76.294924
149,https://www.youtube.com/embed/9r2PtOO6JQY,18.9395348,72.8344838
150,https://www.youtube.com/embed/q-XvXovDcmk,18.9428089,72.82702
151,https://www.youtube.com/embed/ZuxaptOFs0Q,18.9548462,72.8332462
152,https://www.youtube.com/embed/ean2sEZszuI,10.1392455,76.2455584
153,https://www.youtube.com/embed/6jc1YQPB3TY,10.0193525,76.2920382
154,https://www.youtube.com/embed/FwlaWQJ7HyY,13.3592695,74.698418
155,https://www.youtube.com/embed/ditmaC5xxbc,13.3368506,74.7400509
156,https://www.youtube.com/embed/n1b2QZXxwZ0,15.4988201,73.8287745
157,https://www.youtube.com/embed/dBP37HZp3-s,15.6004957,73.7524277
158,https://www.youtube.com/embed/2iuF7u8Nt1Y,9.8884081,76.3703324
159,https://www.youtube.com/embed/YitU8hVOHv4,10.203985,76.4165333
160,https://www.youtube.com/embed/rNqYRtsv_-g,13.0721925,77.7828484
161,https://www.youtube.com/embed/W5VdLBqmlb4,11.7537086,75.4844977
162,https://www.youtube.com/embed/U9rO8SxTfqU,12.5053501,74.9924816
163,https://www.youtube.com/embed/7s7X-WO_zvw,12.4943291,74.9998381
164,https://www.youtube.com/embed/YphX3qMl8Sw,12.8659876,74.8555134
165,https://www.youtube.com/embed/ct6-UrsE4tE,12.5689167,74.9524594
167,https://www.youtube.com/embed/C7Tmet6WQZs,11.2552091,75.7732272
168,https://www.youtube.com/embed/PFt9xgU97l8,9.88783,76.2982632
169,https://www.youtube.com/embed/0ttBBFmX9co,9.9897365,76.2949089
171,https://www.youtube.com/embed/cYWnPkY2sGI,9.9823019,76.2848548
172,https://www.youtube.com/embed/CCduD49RvEc,10.1086781,76.4280683
174,https://www.youtube.com/embed/1OW9PcLrIW4,10.1016204,76.5405722
175,https://www.youtube.com/embed/VPZmIM9IJLk,10.0667271,76.6283992
179,https://www.youtube.com/embed/4Soyd7gA66A,10.2138968,76.2316217
180,https://www.youtube.com/embed/u1mpv751iAw,10.30848,76.180525
181,https://www.youtube.com/embed/xGrCZ-JR1jU,9.1344286,76.5128994
182,https://www.youtube.com/embed/vZEI8XtZ3qg,9.5192101,76.3277103
183,https://www.youtube.com/embed/2CGasLc1GAQ,9.4549206,76.5427557
184,https://www.youtube.com/embed/BMxNto44ACk,9.4979418,76.332119
185,https://www.youtube.com/embed/ssKsNGJOJDo,9.6902166,76.3450446
186,https://www.youtube.com/embed/pbdMMSNnIFs,9.6170866,76.643758
187,https://www.youtube.com/embed/0UniI1wnpd0,9.5904465,76.5173999
188,https://www.youtube.com/embed/1DUXAJEIUhY,11.2710482,75.9755631
189,https://www.youtube.com/embed/L4I6ZKcp1BM,11.8733976,75.3894638
190,https://www.youtube.com/embed/k3sk0rn9GRM,11.9725948,75.2772796
191,https://www.youtube.com/embed/Xe6FoUn4X-o,11.3229016,75.7448994
193,https://www.youtube.com/embed/qJfBlnzC2zA,10.8488753,75.9421848
194,https://www.youtube.com/embed/4l4ws4Nx5nk,10.4684567,76.1549101
195,https://www.youtube.com/embed/kajgXSpEO2o,9.3872541,76.3506366
196,https://www.youtube.com/embed/y8LD7qf_EAQ,9.6827195,76.418171
197,https://www.youtube.com/embed/HMTJmT9CaW8,9.973455,76.2944459
198,https://www.youtube.com/embed/QtHp_-SRPIE,9.9228989,76.3146079
199,https://www.youtube.com/embed/POPhjVpxLxc,9.5760353,76.5196306
200,https://www.youtube.com/embed/un7yvV4R5tI,8.5878383,77.0932588
202,https://www.youtube.com/embed/cLqtubb0GE0,22.5788089,88.471748
203,https://www.youtube.com/embed/mGuRcMRtytI,22.5741373,88.3645418
204,https://www.youtube.com/embed/oBLwacDTPDM,10.0124085,76.325922
205,https://www.youtube.com/embed/nRw5znw_IbI,22.5985926,88.3669478
206,https://www.youtube.com/embed/D1BPp9eampk,19.8896066,85.8138496
207,https://www.youtube.com/embed/EnwtrhMV87Y,19.8896066,85.8138496
208,https://www.youtube.com/embed/ANVW8cgD5zs,20.4822622,85.8680932
209,https://www.youtube.com/embed/1fCMSEbCSPs,20.4632446,85.8833566
210,https://www.youtube.com/embed/H3tvNASbAlM,20.4632446,85.8833566
211,https://www.youtube.com/embed/tOAJ8v7b7t4,20.3481276,85.8814573
212,https://www.youtube.com/embed/B5szGEZuoUY,19.3139161,84.7821677
213,https://www.youtube.com/embed/kU2blKjENGc,13.6560013,79.5496139
215,https://www.youtube.com/embed/bEGPyH9oepI,10.028608,76.5480335
217,https://www.youtube.com/embed/EU6eAqSamDE,13.0364221,77.5723499
218,https://www.youtube.com/embed/gqIOtsz5ABo,12.9180857,77.5739375
219,https://www.youtube.com/embed/m7m0jU-1lsM,12.9641713,77.6064519
220,https://www.youtube.com/embed/FJcVD-47Q7s,12.9964962,77.6140718
221,https://www.youtube.com/embed/KKxzLKxQTyA,13.0752152,77.804624
222,https://www.youtube.com/embed/Uxj78jjcVG8,11.2909979,77.5219161
223,https://www.youtube.com/embed/3eBbpZDVuzc,9.569866,76.7808852
224,https://www.youtube.com/embed/1pQpZGdnkKg,10.0124427,76.3001909
225,https://www.youtube.com/embed/m54E86og57w,10.115271,76.3744095
226,https://www.youtube.com/embed/FuBxuQ9Z-Wc,9.6542275,76.550977
227,https://www.youtube.com/embed/jPhqu4y-aQk,10.8448945,76.7262341
228,https://www.youtube.com/embed/5mKjssG28LA,10.7684631,76.6489897
229,https://www.youtube.com/embed/5eCfZIymLgA,9.5774626,76.9961322
230,https://www.youtube.com/embed/ea0t0vyT2dg,9.9633884,76.2420128
231,https://www.youtube.com/embed/jPhqu4y-aQk,10.8448945,76.7262341
232,https://www.youtube.com/embed/5mKjssG28LA,10.7684631,76.6489897
233,https://www.youtube.com/embed/5eCfZIymLgA,9.5774626,76.9961322
234,https://www.youtube.com/embed/ea0t0vyT2dg,9.9633884,76.2420128
235,https://www.youtube.com/embed/CTnFYn_LboU,10.1604734,76.2317152
236,https://www.youtube.com/embed/U9-CnWhOwac,12.1446528,75.1539515
237,https://www.youtube.com/embed/Md39IEZ_oJU,11.2452429,75.7756206
238,https://www.youtube.com/embed/dWZp91wXsYI,13.039301,77.5739817
239,https://www.youtube.com/embed/qFYf65uHwVc,13.039301,77.5739817
240,https://www.youtube.com/embed/g7mZbmIlKKY,12.3098452,76.6526141
241,https://www.youtube.com/embed/H9_YekP1fZQ,12.3234093,76.6283432
242,https://www.youtube.com/embed/MznCv6afyb4,12.3179927,76.652544
243,https://www.youtube.com/embed/eg7EWI4PY1w,12.3085053,76.665856
244,https://www.youtube.com/embed/zgi1WTFpvBQ,9.8936208,76.7176275
245,https://www.youtube.com/embed/Wp0makJDX3Y,9.9629192,76.2959206
246,https://www.youtube.com/embed/pm2b3CFwqcU,13.432873,74.6950673
247,https://www.youtube.com/embed/YB9iuYkaS6c,13.3400065,74.7474281
248,https://www.youtube.com/embed/MN9rc1qyQe4,13.63521,74.6892757
249,https://www.youtube.com/embed/jGoy8u9eNqM,13.3316486,74.7462371
250,https://www.youtube.com/embed/kFhJYt-eHG8,13.3392627,74.7511281
251,https://www.youtube.com/embed/tHKeSjSA168,12.5059488,74.993905
252,https://www.youtube.com/embed/iX13NTjrHhU,9.4978333,76.3334775
253,https://www.youtube.com/embed/noQs27DFVgc,9.8973946,76.7185308
254,https://www.youtube.com/embed/QWDdCvlEe2k,9.5854182,76.5146557
255,https://www.youtube.com/embed/NFz70XParQA,9.5892257,76.5279353
256,https://www.youtube.com/embed/D33OvJbAV5s,11.4127682,76.7084235
257,https://www.youtube.com/embed/z3tJ1vqVNxM,10.0021677,76.3038386
258,https://www.youtube.com/embed/Cz42qRS4iL4,9.4220786,76.7971247
259,https://www.youtube.com/embed/yUb6hHT_ZGw,9.3927761,76.5720426
260,https://www.youtube.com/embed/ES9VvpJeOx4,11.8690079,75.369068
261,https://www.youtube.com/embed/HFLw0dgR_VM,12.8694608,74.8346131
262,https://www.youtube.com/embed/lsN-KNhCcIc,12.1651665,75.1525656
263,https://www.youtube.com/embed/uoyY0aezpfk,12.173501,75.1403743
264,https://www.youtube.com/embed/NaNzAAmWQdQ,11.4601258,75.6749147
265,https://www.youtube.com/embed/PZSxdwCkuPs,8.9919199,76.7103266
266,https://www.youtube.com/embed/as_8CxsqChE,8.8784171,76.6079222
267,https://www.youtube.com/embed/EEeKnJgeuKw,8.4834435,76.9697823
268,https://www.youtube.com/embed/40yPBpIqReQ,8.4789782,76.9473899
269,https://www.youtube.com/embed/yr37FxscQwg,9.1563177,76.7301897
270,https://www.youtube.com/embed/qyCB4-rsEx4,10.069338,76.2850425
271,https://www.youtube.com/embed/DntLsRrg1L4,10.1409786,76.1789798
272,https://www.youtube.com/embed/YQv0YmGyhrI,10.7965672,76.6034852
273,https://www.youtube.com/embed/Blpv4HSefkk,10.1080611,76.4729443
274,https://www.youtube.com/embed/qZCmDHbmPPQ,10.0896071,76.6490043
275,https://www.youtube.com/embed/xXIf_C_f4ro,10.0373961,77.0467232
276,https://www.youtube.com/embed/QTwV2vbCt3g,9.5437266,76.327182
277,https://www.youtube.com/embed/U18VAKc4Yhc,9.9496781,76.3322072
278,https://www.youtube.com/embed/ElOpO9k_1ZU,9.9731169,76.3174859
279,https://www.youtube.com/embed/zE1OCh1kZ0Y,10.115271,76.3744095
280,https://www.youtube.com/embed/fZw5nYFLW14,9.8098328,76.8411295
281,https://www.youtube.com/embed/274UQo3yKwc,9.4916212,76.3261815
282,https://www.youtube.com/embed/WBdQwvBNXX8,9.931921,76.4212957
283,https://www.youtube.com/embed/WW3BtBbh-9Y,9.9979584,76.2999612
284,https://www.youtube.com/embed/EGuI36QiIko,11.3786689,75.9103057
285,https://www.youtube.com/embed/llxgSU33ndI,10.0084587,76.5689121
286,https://www.youtube.com/embed/vxgsqIIkR1o,9.8788073,76.5364386
287,https://www.youtube.com/embed/UV2bo_-jLj4,8.8447812,76.6562569
288,https://www.youtube.com/embed/3uBRD8V9AKM,9.60349,76.5911718
289,https://www.youtube.com/embed/Yz61D8bR-h4,9.5967692,76.5170172
290,https://www.youtube.com/embed/1962Y0JsgTM,9.5873314,76.9416838
291,https://www.youtube.com/embed/6gPxf-yDrFg,9.5480897,76.9723375
292,https://www.youtube.com/embed/n-aAO_TZTpQ,9.5507648,76.562042
293,https://www.youtube.com/embed/XFGG68Ss5FM,10.9810706,76.1916959
294,https://www.youtube.com/embed/ScbSEon-jbY,11.0457153,76.0704514
295,https://www.youtube.com/embed/p4nszEX6QPE,10.4299428,76.156922
296,https://www.youtube.com/embed/TzdaYWZZ-7o,10.4454985,76.1612217
